,City,Country,Temperature,Humidity,Cloudiness,Date,Wind Speed,Lat,Lng
0,Hithadhoo,MV,28.43,66,45,1603745129,3.3,-0.6,73.08
1,Jamestown,US,8.33,93,90,1603745129,3.1,42.1,-79.24
2,Albany,US,10.0,83,100,1603745081,0.45,42.6,-73.97
3,Presidencia Roque Sáenz Peña,AR,24.55,52,0,1603745130,3.65,-26.79,-60.44
4,Bredasdorp,ZA,18.0,82,100,1603745130,6.7,-34.53,20.04
5,Kyra,RU,-4.06,77,100,1603745130,1.3,49.58,111.98
6,Carnarvon,AU,20.0,82,0,1603745131,8.7,-24.87,113.63
7,Camacha,PT,19.0,68,40,1603745131,3.1,33.08,-16.33
8,Ulladulla,AU,12.22,100,75,1603745131,5.1,-35.35,150.47
9,Kapaa,US,29.0,70,40,1603744860,2.6,22.08,-159.32
10,Marsá Maţrūḩ,EG,23.0,69,20,1603745131,3.1,31.35,27.25
11,Busselton,AU,13.89,77,48,1603745132,4.17,-33.65,115.33
12,Avarua,CK,24.0,73,100,1603745090,6.7,-21.21,-159.78
13,Tual,ID,27.77,74,100,1603745132,3.3,-5.67,132.75
14,Hasaki,JP,11.0,93,75,1603745132,2.6,35.73,140.83
15,Cape Town,ZA,18.89,82,0,1603744960,3.1,-33.93,18.42
16,Punta Arenas,CL,12.0,40,20,1603744980,15.9,-53.15,-70.92
17,Husavik,IS,3.0,69,90,1603745133,2.6,66.04,-17.34
18,Oga,IT,3.89,83,75,1603745133,3.6,46.46,10.35
19,Dornoch,GB,9.44,87,75,1603745133,2.6,57.88,-4.03
20,Yeppoon,AU,21.0,94,85,1603745134,1.81,-23.13,150.73
21,Amapá,BR,32.12,41,96,1603745134,1.37,1.0,-52.0
22,Maniitsoq,GL,-2.25,88,1,1603744965,7.09,65.42,-52.9
23,Ushuaia,AR,11.0,62,40,1603744661,5.7,-54.8,-68.3
24,Turangi,NZ,15.59,63,94,1603745084,1.98,-39.0,175.93
25,Narsaq,GL,6.0,30,75,1603745134,6.7,60.92,-46.05
26,Qaanaaq,GL,-13.37,74,76,1603745135,4.27,77.48,-69.36
27,Hualmay,PE,20.16,71,98,1603745135,4.05,-11.1,-77.61
28,East London,ZA,18.87,87,100,1603745135,9.4,-33.02,27.91
29,Aykhal,RU,-22.0,91,0,1603745135,1.0,66.0,111.5
30,São Filipe,CV,27.24,75,100,1603745136,4.23,14.9,-24.5
31,Barrow,US,-7.0,85,90,1603745136,2.6,71.29,-156.79
32,Playas,EC,23.04,80,35,1603745136,7.74,-2.63,-80.38
33,Walvis Bay,NA,14.0,82,0,1603745137,3.1,-22.96,14.51
34,Atbasar,KZ,3.1,79,100,1603745138,9.57,51.8,68.33
35,Maţāy,EG,21.6,61,0,1603745138,4.18,28.42,30.78
36,Mar del Plata,AR,17.0,48,0,1603745091,4.6,-38.0,-57.56
37,Arraial do Cabo,BR,25.0,73,40,1603744979,3.6,-22.97,-42.03
38,Hermanus,ZA,17.22,85,85,1603745138,1.79,-34.42,19.23
39,Saint George,US,10.0,15,1,1603744981,11.3,37.1,-113.58
40,Butaritari,KI,27.53,66,100,1603745139,3.49,3.07,172.79
41,Mataura,NZ,11.11,81,95,1603745139,0.45,-46.19,168.86
42,Alamosa,US,-6.0,85,90,1603745139,3.6,37.47,-105.87
43,Torbay,CA,3.89,55,40,1603745139,3.6,47.67,-52.73
44,New Norfolk,AU,10.56,64,100,1603745140,1.03,-42.78,147.06
45,Hong Kong,HK,23.89,79,83,1603744976,0.45,22.29,114.16
46,Makakilo City,US,28.0,69,20,1603745140,2.6,21.35,-158.09
47,Mount Darwin,ZW,23.91,42,0,1603745141,3.43,-16.77,31.58
48,San Martín,AR,28.0,20,0,1603745141,7.2,-33.08,-68.47
49,Longyearbyen,SJ,-3.0,73,75,1603745141,2.6,78.22,15.64
50,Umluj,SA,26.69,54,0,1603745141,1.72,25.02,37.27
51,Jumla,NP,5.25,56,0,1603745141,2.12,29.27,82.18
52,Lebu,CL,12.38,72,100,1603745141,4.03,-37.62,-73.65
53,Sambava,MG,22.1,84,4,1603745142,3.53,-14.27,50.17
54,Dali,CN,13.52,84,13,1603745142,1.17,25.7,100.18
55,Tura,IN,20.62,91,0,1603745142,1.33,25.52,90.22
56,Saint Paul Harbor,US,10.0,46,40,1603745142,7.2,57.79,-152.41
57,Katsuura,JP,16.0,67,20,1603745143,5.7,35.13,140.3
58,Bouna,CI,25.92,48,94,1603745143,1.59,9.27,-3.0
59,Banda Aceh,ID,26.52,73,91,1603745143,5.02,5.56,95.32
60,Tam Ky,VN,25.0,94,75,1603745144,2.1,15.57,108.48
61,San Patricio,US,30.0,84,40,1603745021,8.7,28.02,-97.52
62,Srandakan,ID,24.81,88,100,1603745144,3.23,-7.94,110.25
63,Bestöbe,KZ,7.71,77,82,1603745144,8.13,52.5,73.1
64,Morondava,MG,24.98,72,59,1603745144,4.48,-20.28,44.28
65,Nanortalik,GL,1.16,89,99,1603745145,4.92,60.14,-45.24
66,Shaunavon,CA,-1.58,93,100,1603745038,5.27,49.65,-108.42
67,Malangali,TZ,19.69,65,98,1603745145,4.45,-8.57,34.85
68,Vieux-Habitants,GP,26.0,88,12,1603745145,3.6,16.06,-61.77
69,Kavieng,PG,28.61,67,96,1603745146,2.83,-2.57,150.8
70,Fernie,CA,-4.0,58,90,1603745146,2.6,49.5,-115.07
71,Chase,CA,1.11,87,99,1603745146,0.92,50.82,-119.69
72,Bowen,AU,22.0,94,75,1603745146,1.23,-20.02,148.23
73,Rikitea,PF,24.09,84,100,1603745147,8.47,-23.12,-134.97
74,Ribeira Grande,PT,21.0,88,75,1603745147,8.2,38.52,-28.7
75,Bandarbeyla,SO,24.53,78,54,1603745147,6.72,9.49,50.81
76,Biržai,LT,11.85,87,100,1603745147,5.38,56.2,24.75
77,Airai,TL,15.94,98,83,1603745148,0.92,-8.93,125.41
78,Waipawa,NZ,11.0,100,100,1603745148,9.3,-41.41,175.52
79,Bluff,NZ,11.11,81,75,1603745148,0.45,-46.6,168.33
80,Bulnes,CL,19.0,42,75,1603745148,2.6,-36.74,-72.3
81,Leningradskiy,RU,-3.07,98,100,1603745149,4.02,69.38,178.42
82,Castro,BR,20.96,76,96,1603745149,2.41,-24.79,-50.01
83,Srednekolymsk,RU,-14.4,90,0,1603745149,2.9,67.45,153.68
84,George Town,MY,24.0,94,20,1603745149,1.0,5.41,100.34
85,Birao,CF,24.93,44,81,1603745149,1.47,10.28,22.79
86,Ţahţā,EG,24.0,36,0,1603745150,3.1,26.77,31.5
87,Cherskiy,RU,-15.84,93,33,1603745150,2.43,68.75,161.3
88,Tuktoyaktuk,CA,-13.0,84,75,1603744972,5.1,69.45,-133.04
89,Constitución,CL,14.19,61,50,1603745150,7.15,-35.33,-72.42
90,Hilo,US,25.0,83,90,1603745151,2.1,19.73,-155.09
91,Korla,CN,5.56,83,65,1603745151,0.89,41.76,86.15
92,Sorata,BO,13.98,57,88,1603745151,4.26,-15.77,-68.63
93,Freeport,US,15.0,93,90,1603745067,4.1,40.66,-73.58
94,Mulegé,MX,25.42,52,2,1603745152,8.05,26.88,-111.98
95,Vaini,TO,23.0,88,40,1603745152,4.6,-21.2,-175.2
96,Port Elizabeth,ZA,18.0,88,99,1603745152,9.3,-33.92,25.57
97,Goderich,CA,7.78,86,100,1603745152,5.61,43.75,-81.72
98,Chui,UY,14.35,91,100,1603745153,7.59,-33.7,-53.46
99,Samoded,RU,1.09,92,100,1603745153,4.22,63.61,40.51
100,Mount Gambier,AU,8.0,87,98,1603745016,4.6,-37.83,140.77
101,Bengkulu,ID,23.66,83,100,1603745153,1.54,-3.8,102.27
102,Tazovsky,RU,-18.0,93,4,1603744858,2.97,67.47,78.7
103,Norwich,GB,9.0,87,51,1603745153,4.6,52.63,1.3
104,Christchurch,NZ,10.0,93,100,1603745154,1.0,-43.53,172.63
105,Khovd,MN,-2.18,79,0,1603744970,0.42,48.01,91.64
106,Narasaraopet,IN,22.72,82,0,1603745154,1.46,16.25,80.07
107,Fortuna,US,22.22,21,1,1603744969,6.2,40.6,-124.16
108,Boguchany,RU,-3.57,96,95,1603745154,1.86,58.38,97.45
109,Okhotsk,RU,-2.14,79,0,1603745155,7.38,59.38,143.3
110,Mitsamiouli,KM,25.62,75,8,1603745155,3.59,-11.38,43.28
111,Sapa,PH,27.56,80,100,1603745155,8.3,5.15,120.32
112,Bethel,US,12.22,87,90,1603745156,2.1,41.37,-73.41
113,Port Alfred,ZA,18.8,83,90,1603745156,12.21,-33.59,26.89
114,Mīrābād,AF,13.06,41,0,1603745156,1.45,30.44,61.84
115,Gigmoto,PH,26.45,80,100,1603745156,2.27,13.78,124.39
116,Severo-Kuril'sk,RU,6.25,85,96,1603745157,1.66,50.68,156.12
117,Evensk,RU,-1.04,89,100,1603745157,5.35,61.95,159.23
118,Lębork,PL,12.78,93,75,1603745157,4.6,54.54,17.75
119,Shirochanskoye,RU,13.18,64,100,1603745158,7.59,46.65,38.4
120,Yelets,RU,8.43,79,100,1603745158,2.8,52.62,38.5
121,Elko,US,8.33,20,11,1603745158,2.68,41.0,-115.5
122,Grand Gaube,MU,22.78,75,0,1603745003,2.24,-20.01,57.66
123,Pahrump,US,13.33,9,0,1603745159,7.15,36.21,-115.98
124,San Cristobal,VE,32.0,52,40,1603745159,6.2,7.77,-72.22
125,Duvan,RU,-2.68,93,100,1603745159,7.69,55.7,57.9
126,Puerto Ayora,EC,23.0,69,20,1603745159,8.2,-0.74,-90.35
127,Xapuri,BR,36.0,50,40,1603745159,4.1,-10.65,-68.5
128,Broome,US,13.89,93,90,1603745160,4.1,42.25,-75.83
129,Imbituba,BR,25.0,73,40,1603745160,5.7,-28.24,-48.67
130,Moyobamba,PE,28.02,56,93,1603745160,1.69,-6.05,-76.97
131,Cap Malheureux,MU,22.78,75,0,1603745160,1.79,-19.98,57.61
132,Hobart,AU,11.0,53,75,1603745157,2.1,-42.88,147.33
133,Ashoknagar,IN,21.55,32,0,1603745161,0.7,24.57,77.72
134,Khandyga,RU,-9.98,86,99,1603745161,0.95,62.67,135.6
135,Penzance,GB,10.0,87,46,1603745161,6.7,50.12,-5.54
136,Bambous Virieux,MU,23.0,73,40,1603745161,4.6,-20.34,57.76
137,Oranjemund,NA,14.75,90,2,1603745162,2.25,-28.55,16.43
138,Natchitoches,US,24.0,69,90,1603745162,1.5,31.77,-93.13
139,Copala,MX,29.51,74,100,1603745162,3.73,16.65,-98.98
140,Yellowknife,CA,-4.0,62,75,1603745162,2.6,62.46,-114.35
141,Chokurdakh,RU,-13.56,95,100,1603745003,5.45,70.63,147.92
142,Omboué,GA,24.82,87,74,1603745163,3.27,-1.57,9.26
143,Khorramshahr,IR,19.0,52,0,1603745163,1.0,30.44,48.17
144,Te Anau,NZ,10.69,58,56,1603745163,1.95,-45.42,167.72
145,Belaya Gora,RU,-16.0,88,11,1603745164,2.02,68.53,146.42
146,Itaituba,BR,36.0,50,20,1603745164,0.15,-4.28,-55.98
147,Goba,ET,8.72,73,96,1603745164,1.38,7.02,39.98
148,Nikolskoye,RU,9.0,81,90,1603745164,2.0,59.7,30.79
149,Arman',RU,0.08,88,88,1603745164,5.56,59.7,150.17
150,Ugoofaaru,MV,27.72,77,46,1603745018,4.03,5.67,73.0
151,Sungai Penuh,ID,18.43,87,100,1603745165,0.54,-2.08,101.38
152,Pisco,PE,22.0,64,0,1603745165,4.6,-13.7,-76.22
153,Cidreira,BR,20.47,94,100,1603744972,3.35,-30.18,-50.21
154,Egvekinot,RU,-5.48,96,100,1603745165,1.63,66.32,-179.17
155,Saskylakh,RU,-16.64,92,94,1603745166,2.59,71.92,114.08
156,Barentu,ER,25.05,38,0,1603745166,1.38,15.11,37.59
157,Hamilton,US,10.0,81,90,1603745166,2.6,39.18,-84.53
158,Kaitangata,NZ,11.67,77,99,1603745006,1.34,-46.28,169.85
159,Viedma,AR,27.78,12,5,1603745146,4.02,-40.81,-63.0
160,Nhulunbuy,AU,26.0,88,75,1603745167,1.5,-12.23,136.77
161,Lodja,CD,21.69,95,64,1603745167,0.07,-3.48,23.43
162,Saint-Philippe,RE,22.0,78,90,1603745167,2.1,-21.36,55.77
163,Sinnamary,GF,27.96,78,1,1603745167,4.39,5.38,-52.95
164,Natal,BR,28.0,78,40,1603744940,4.1,-5.79,-35.21
165,Lixouri,GR,17.89,64,0,1603745168,0.61,38.2,20.43
166,Santo Antônio do Içá,BR,32.85,59,70,1603745168,0.61,-3.1,-67.94
167,Tasiilaq,GL,1.0,50,100,1603745168,9.3,65.61,-37.64
168,Sheltozero,RU,6.15,91,100,1603745168,4.83,61.37,35.37
169,Camopi,GF,27.5,73,68,1603745169,2.22,3.17,-52.32
170,Ilulissat,GL,-7.0,73,75,1603744975,2.1,69.22,-51.1
171,Stornoway,GB,8.0,93,40,1603745169,6.2,58.21,-6.39
172,Kaseda-shirakame,JP,17.04,74,0,1603745169,1.68,31.42,130.32
173,Yining,CN,13.83,80,43,1603745170,0.17,29.04,114.56
174,Lata,PT,11.67,85,96,1603745170,0.45,40.16,-8.33
175,Carroll,US,15.0,93,75,1603745170,0.94,39.55,-77.02
176,Laurel,US,17.78,82,75,1603745100,0.12,39.1,-76.85
177,Atuona,PF,26.08,75,88,1603745170,9.59,-9.8,-139.03
178,Norman Wells,CA,-4.0,85,90,1603745170,6.7,65.28,-126.83
179,Kralendijk,BQ,31.0,66,75,1603745171,7.2,12.15,-68.27
180,Guerrero Negro,MX,23.36,47,2,1603745171,8.86,27.98,-114.06
181,Kulhudhuffushi,MV,27.88,76,39,1603745171,3.2,6.62,73.07
182,Zhuhai,CN,24.0,83,20,1603745171,6.7,22.28,113.57
183,Santiago del Estero,AR,28.26,15,0,1603745171,5.32,-27.8,-64.26
184,Saldanha,ZA,17.0,82,16,1603745172,1.5,-33.01,17.94
185,Coyhaique,CL,13.0,43,40,1603745172,5.1,-45.58,-72.07
186,Tocopilla,CL,19.3,51,25,1603744913,3.23,-22.09,-70.2
187,Mehamn,NO,0.0,84,0,1603745172,7.2,71.04,27.85
188,Arlit,NE,26.8,15,0,1603745172,4.44,18.74,7.39
189,Meulaboh,ID,24.62,87,99,1603745173,2.03,4.14,96.13
190,Piaçabuçu,BR,25.87,77,0,1603745173,9.48,-10.41,-36.43
191,Mahébourg,MU,23.0,73,40,1603745173,4.6,-20.41,57.7
192,Deputatsky,RU,-17.98,88,72,1603745173,1.19,69.3,139.9
193,At-Bashi,KG,1.9,71,100,1603745173,1.64,41.17,75.81
194,Shihezi,CN,3.83,67,0,1603745174,0.65,44.3,86.03
195,Alta Floresta,BR,24.96,83,96,1603745174,0.95,-9.88,-56.09
196,Badarwās,IN,20.82,31,0,1603745174,0.49,24.97,77.57
197,Souillac,MU,23.0,73,40,1603745174,4.6,-20.52,57.52
198,Alpine,US,22.22,35,20,1603745175,3.1,32.84,-116.77
199,Ginir,ET,13.9,85,88,1603745175,1.96,7.13,40.7
200,Ahipara,NZ,19.13,79,24,1603745175,2.28,-35.17,173.17
201,Nouadhibou,MR,25.0,57,0,1603745175,7.2,20.93,-17.03
202,Cairns,AU,24.0,69,40,1603745176,1.5,-16.92,145.77
203,Cianjur,ID,22.12,87,100,1603745176,1.88,-6.82,107.14
204,Pedernales,DO,31.0,79,40,1603745176,6.2,18.04,-71.74
205,Goundam,ML,30.64,12,0,1603745176,4.14,16.41,-3.67
206,Kerman,IR,8.0,22,0,1603745176,2.1,30.28,57.08
207,Tiksi,RU,-14.32,94,99,1603745176,3.53,71.69,128.87
208,Dikson,RU,-11.39,95,99,1603745177,6.95,73.51,80.55
209,Nemuro,JP,9.68,77,41,1603745177,4.0,43.32,145.57
210,Khatanga,RU,-16.63,94,84,1603745177,4.09,71.97,102.5
211,Matagami,CA,-4.0,92,90,1603745177,5.1,49.75,-77.63
212,Coquimbo,CL,17.0,67,0,1603744996,5.7,-29.95,-71.34
213,Moncada,ES,16.0,46,0,1603745102,1.5,39.55,-0.4
214,Muros,ES,11.67,94,100,1603745178,5.2,42.78,-9.06
215,Salinópolis,BR,27.84,76,30,1603745178,5.39,-0.61,-47.36
216,San Antero,CO,28.23,79,47,1603745178,3.85,9.37,-75.76
217,Poum,NC,24.62,76,0,1603745178,6.14,-20.23,164.02
218,Torrevieja,ES,17.22,45,1,1603745178,3.58,37.98,-0.68
219,Thompson,CA,-1.0,50,40,1603745179,5.7,55.74,-97.86
220,Los Llanos de Aridane,ES,21.0,64,20,1603745179,4.1,28.66,-17.92
221,Benguela,AO,24.22,78,100,1603745179,2.47,-12.58,13.41
222,Cauquenes,CL,18.78,43,93,1603745179,2.72,-35.97,-72.32
223,Laguna,US,21.67,8,1,1603745180,9.3,38.42,-121.42
224,Kaputa,ZM,25.16,60,92,1603745180,0.73,-8.47,29.66
225,Homer,US,6.67,75,90,1603745180,9.8,59.64,-151.55
226,Baculin,PH,26.12,75,100,1603745181,1.57,7.45,126.58
227,Chipiona,ES,15.0,58,0,1603745181,2.6,36.74,-6.44
228,Roscommon,IE,6.11,91,80,1603745181,4.47,53.63,-8.18
229,Ambilobe,MG,22.59,73,10,1603745181,1.98,-13.2,49.05
230,Port Hardy,CA,7.0,100,90,1603745181,3.6,50.7,-127.42
231,Oskaloosa,US,1.0,74,90,1603745182,4.1,41.3,-92.64
232,Gemeinde Friedland,DE,8.89,84,100,1603745182,1.79,51.42,9.93
233,Kaeo,NZ,18.33,94,25,1603745182,1.75,-35.1,173.78
234,Ponta do Sol,PT,19.0,77,40,1603745182,4.6,32.67,-17.1
235,Ketchikan,US,11.0,100,90,1603745183,6.2,55.34,-131.65
236,Gbadolite,CD,22.5,94,100,1603745183,1.23,4.28,21.02
237,Sechura,PE,23.91,59,42,1603745183,7.38,-5.56,-80.82
238,Chipinge,ZW,18.62,53,0,1603745183,3.79,-20.19,32.62
239,Mahanoro,MG,20.8,79,15,1603745183,1.03,-19.9,48.8
240,Auki,SB,27.69,77,72,1603745009,0.66,-8.77,160.7
241,Provideniya,RU,-1.0,74,90,1603745184,0.57,64.38,-173.3
242,Sur,OM,21.45,63,0,1603745184,1.3,22.57,59.53
243,Vung Tau,VN,25.76,82,100,1603745184,5.14,10.35,107.08
244,La Orilla,MX,29.17,76,100,1603745022,3.61,17.98,-102.23
245,Ionia,US,5.56,65,90,1603745147,3.1,42.99,-85.07
246,Faya,SA,18.0,17,0,1603745185,1.5,18.39,42.45
247,Lesosibirsk,RU,-1.88,97,97,1603745185,2.44,58.24,92.48
248,Douglas,US,0.0,88,1,1603745029,2.6,41.3,-96.17
249,Ville-Marie,CA,-1.0,80,90,1603745185,4.6,47.33,-79.43
250,Buraidah,SA,21.0,23,0,1603745186,2.65,26.33,43.98
251,Emet,TR,13.08,57,0,1603745186,0.49,39.34,29.26
252,Mananara,MG,20.65,85,23,1603745186,1.76,-16.17,49.77
253,Cayenne,GF,28.0,78,40,1603745186,3.6,4.93,-52.33
254,Lüderitz,NA,16.93,69,0,1603745187,5.4,-26.65,15.16
255,Batagay-Alyta,RU,-13.49,86,100,1603745028,0.85,67.8,130.41
256,Black River,JM,30.0,66,75,1603745187,2.1,18.03,-77.85
257,Lakatoro,VU,25.0,88,75,1603745187,3.1,-16.1,167.42
258,Half Moon Bay,US,22.0,7,1,1603745007,6.7,37.46,-122.43
259,Santa Maria da Vitória,BR,26.97,56,62,1603745167,1.21,-13.39,-44.19
260,Durango,MX,26.0,23,0,1603745179,4.03,24.83,-104.83
261,Tanete,ID,23.38,90,100,1603745188,0.68,-3.94,119.78
262,São João da Barra,BR,23.0,94,75,1603745188,2.1,-21.64,-41.05
263,Bitung,ID,23.0,94,20,1603745188,1.0,1.45,125.18
264,Bereket,TM,17.99,27,100,1603745189,2.63,39.24,55.52
265,Vardø,NO,2.0,93,75,1603745189,9.8,70.37,31.11
266,Sorong,ID,24.89,83,100,1603745189,2.94,-0.88,131.25
267,Hervey Bay,AU,23.89,93,97,1603745189,1.34,-25.3,152.85
268,Mitrovice,XK,11.11,87,0,1603745189,1.15,42.88,20.87
269,Suşehri,TR,14.29,34,0,1603745190,1.27,40.16,38.09
270,Bilibino,RU,-14.41,93,99,1603745190,1.16,68.05,166.44
271,Svetlaya,RU,4.21,71,0,1603745190,2.01,46.54,138.33
272,Pithora,IN,20.64,69,0,1603745190,1.5,21.27,82.52
273,Roald,NO,8.0,87,75,1603745191,1.5,62.58,6.13
274,Noumea,NC,25.56,64,0,1603745191,1.0,-22.28,166.46
275,Eureka,US,22.78,25,1,1603745191,5.7,40.8,-124.16
276,Swellendam,ZA,18.0,82,65,1603745191,6.7,-34.02,20.44
277,Chandauli,IN,20.52,41,0,1603745192,2.27,25.27,83.27
278,Abbeville,FR,8.89,81,74,1603745192,4.93,50.1,1.83
279,Chumikan,RU,-0.87,85,64,1603745192,0.58,54.72,135.31
280,Port Montt,CL,10.0,93,90,1603744895,7.7,-41.47,-72.94
281,Opuwo,NA,19.18,44,25,1603745192,2.23,-18.06,13.84
282,Santa Maria do Suaçuí,BR,23.03,78,2,1603745193,0.69,-18.19,-42.41
283,Lubbock,US,-3.0,86,90,1603745052,7.2,33.6,-101.83
284,Lethem,GY,33.37,46,96,1603745193,2.42,3.38,-59.8
285,Khvoynaya,RU,6.74,89,99,1603745193,4.06,58.9,34.53
286,Fort Nelson,CA,-1.0,92,90,1603745194,2.6,58.81,-122.7
287,Derzhavīnsk,KZ,1.26,90,98,1603745194,9.19,51.1,66.32
288,Gazli,UZ,10.47,44,16,1603745194,1.8,40.13,63.45
289,Buluang,PH,24.81,90,100,1603745194,2.46,13.31,123.34
290,Pevek,RU,-4.6,93,98,1603745194,5.68,69.7,170.31
291,Iqaluit,CA,-10.0,78,75,1603745009,1.5,63.75,-68.51
292,Novobirilyussy,RU,2.06,97,100,1603745195,2.17,56.95,90.67
293,Teguise,ES,22.0,78,40,1603745195,7.2,29.06,-13.56
294,Aborlan,PH,26.02,83,100,1603745195,7.26,9.44,118.55
295,Tumsar,IN,22.23,72,50,1603745195,0.72,21.38,79.73
296,Mana,GF,27.99,77,40,1603745195,4.32,5.66,-53.78
297,Richards Bay,ZA,20.04,80,100,1603745196,1.04,-28.78,32.04
298,Anaco,VE,26.14,87,88,1603745071,2.26,9.44,-64.47
299,Aksarka,RU,-15.47,95,65,1603745011,3.45,66.56,67.8
300,Faanui,PF,26.74,77,78,1603745196,7.2,-16.48,-151.75
301,Hailey,US,2.22,34,5,1603745196,5.1,43.52,-114.32
302,Ostrovnoy,RU,4.03,93,100,1603745197,12.88,68.05,39.51
303,Priozyornoye,UA,17.66,73,91,1603745197,4.96,45.27,36.33
304,Baghdad,IQ,19.0,39,0,1603745132,2.1,33.34,44.4
305,Mthatha,ZA,15.0,93,100,1603745197,5.1,-31.59,28.78
306,Chilca,PE,20.56,72,20,1603745197,5.7,-12.52,-76.74
307,Altamira,BR,34.0,49,40,1603745198,1.5,-3.2,-52.21
308,Takoradze,GH,25.57,87,100,1603745198,2.89,4.88,-1.76
309,Inta,RU,-10.43,92,0,1603745198,2.19,66.03,60.17
310,Coracora,PE,16.5,32,47,1603745198,5.28,-15.03,-73.78
311,Kalghatgi,IN,21.85,76,0,1603745199,1.24,15.18,74.97
312,Ashland,US,7.22,100,90,1603745152,3.6,40.82,-82.27
313,Ust'-Omchug,RU,-9.45,93,26,1603745199,2.25,61.15,149.63
314,Port Lincoln,AU,12.96,87,1,1603745199,3.66,-34.73,135.87
315,Bulungu,CD,20.81,97,36,1603745199,0.88,-4.55,18.6
316,Guarapari,BR,25.0,73,40,1603745199,7.7,-20.67,-40.5
317,Mahon,ES,12.0,81,0,1603745200,1.5,39.89,4.27
318,Ongandjera,NA,25.84,26,25,1603745200,5.2,-17.88,15.07
319,Wamba,NG,24.14,60,32,1603745200,1.08,8.93,8.6
320,Ust-Kuyga,RU,-18.78,87,99,1603745200,1.38,70.02,135.6
321,Praia da Vitória,PT,21.0,77,40,1603745201,4.5,38.73,-27.07
322,Genhe,CN,-0.55,97,100,1603745201,4.24,50.78,121.52
323,Kumul,CN,2.73,68,100,1603745201,1.53,42.8,93.45
324,Coahuayana Viejo,MX,29.0,70,40,1603745012,5.1,18.73,-103.68
325,Calmar,CA,4.0,44,75,1603745201,4.6,53.27,-113.82
326,Rome,US,9.0,87,90,1603744924,2.6,43.21,-75.46
327,Yangi Marg`ilon,UZ,10.0,53,0,1603745019,3.1,40.43,71.72
328,Lorengau,PG,27.01,79,100,1603745202,2.44,-2.02,147.27
329,Asău,RO,10.56,98,4,1603745202,1.33,46.43,26.4
330,Yar-Sale,RU,-13.63,95,63,1603745202,2.85,66.83,70.83
331,Wajima,JP,14.9,56,39,1603745202,1.98,37.4,136.9
332,Byron Bay,AU,20.0,77,90,1603744984,5.1,-28.65,153.62
333,Ponta Delgada,PT,20.0,77,20,1603745092,8.2,37.73,-25.67
334,Port Shepstone,ZA,18.36,85,62,1603745203,1.61,-30.74,30.45
335,Russell,US,27.0,61,75,1603745203,2.6,32.35,-85.2
336,Pacific Grove,US,22.0,9,1,1603745175,3.1,36.62,-121.92
337,Boca do Acre,BR,31.29,56,100,1603745204,0.78,-8.75,-67.4
338,Şarkîkaraağaç,TR,14.68,46,100,1603745204,1.85,38.08,31.37
339,Nampula,MZ,24.0,73,0,1603745204,4.6,-15.12,39.27
340,San Quintín,MX,20.88,47,15,1603745204,5.08,30.48,-115.95
341,Santa Fe,AR,24.44,34,0,1603744921,1.79,-31.63,-60.7
342,Antofagasta,CL,16.0,72,40,1603744922,6.2,-23.65,-70.4
343,Cap-aux-Meules,CA,2.0,72,90,1603745205,2.1,47.38,-61.86
344,Sherlovaya Gora,RU,-6.88,92,0,1603745205,6.8,50.57,116.25
345,San Francisco,US,22.78,21,20,1603745160,2.1,37.77,-122.42
346,Shenjiamen,CN,18.14,68,0,1603745205,2.37,29.96,122.3
347,Dhupgāri,IN,21.0,94,40,1603745206,1.44,26.59,89.01
348,Beira,MZ,25.0,88,20,1603745003,5.1,-19.84,34.84
349,Kodīnar,IN,26.49,49,0,1603745206,3.42,20.79,70.7
350,Horizontina,BR,21.11,88,52,1603745096,0.45,-27.63,-54.31
351,Fria,GN,22.78,94,16,1603745207,0.44,10.42,-13.58
352,Tongren,CN,15.98,77,74,1603745207,0.71,27.72,109.19
353,Masvingo,ZW,21.34,44,0,1603745207,4.51,-20.06,30.83
354,Machinga,MW,23.57,54,54,1603745207,3.15,-15.17,35.3
355,Soyo,AO,25.03,85,83,1603745207,3.76,-6.13,12.37
356,Kalmunai,LK,26.36,79,70,1603745208,1.39,7.42,81.82
357,Padang,ID,25.61,71,99,1603744981,1.2,-0.95,100.35
358,Itaberaba,BR,27.88,62,100,1603745208,2.03,-12.53,-40.31
359,Clyde River,CA,-11.38,87,12,1603745208,2.17,70.47,-68.59
360,Onda,ES,16.11,46,0,1603745209,1.5,39.97,-0.25
361,Laas,IT,9.44,64,90,1603745209,2.6,46.62,10.7
362,Kenitra,MA,16.0,82,75,1603745076,2.89,34.26,-6.58
363,Saint Anthony,US,0.0,91,40,1603745209,2.1,45.02,-93.22
364,Les Escoumins,CA,-1.14,99,100,1603745209,3.99,48.11,-69.02
365,Reconquista,AR,23.4,56,0,1603745209,3.65,-29.15,-59.65
366,Tuatapere,NZ,11.11,81,91,1603745017,0.45,-46.13,167.68
367,Beringovskiy,RU,-0.19,91,0,1603745210,1.31,63.05,179.32
368,Maputo,MZ,24.0,83,75,1603744938,6.2,-25.97,32.59
369,Ormara,PK,24.53,49,0,1603745210,3.15,25.21,64.64
370,Dakar,SN,28.0,78,3,1603745210,2.1,14.69,-17.44
371,Kensington,AU,16.0,82,75,1603745210,10.3,-33.92,151.22
372,Meadow Lake,US,-2.0,86,90,1603744965,4.1,34.8,-106.54
373,Cabo San Lucas,MX,33.0,54,5,1603745142,7.2,22.89,-109.91
374,Cabedelo,BR,27.0,78,20,1603745211,4.1,-6.98,-34.83
375,Djibouti,DJ,28.0,61,1,1603745211,7.1,11.5,42.5
376,Shingū,JP,11.47,62,16,1603745211,2.38,33.73,135.98
377,Alofi,NU,23.0,94,75,1603745212,6.2,-19.06,-169.92
378,Morant Bay,JM,30.0,74,20,1603745212,7.7,17.88,-76.41
379,Rio Grande,BR,17.63,92,100,1603744933,9.42,-32.03,-52.1
380,Simao,CN,16.1,91,33,1603745212,0.78,22.79,100.97
381,Mason City,US,-1.0,54,1,1603745212,3.6,43.15,-93.2
382,Philadelphia,US,18.89,93,90,1603745082,2.1,39.95,-75.16
383,Khao Wong,TH,20.41,94,85,1603745213,1.73,16.7,104.09
384,Zeya,RU,0.13,92,100,1603745213,1.08,53.75,127.27
385,Muncar,ID,24.7,87,92,1603745213,1.13,-8.43,114.33
386,Saint-François,FR,7.0,87,0,1603745213,2.1,46.42,3.91
387,Petropavlovsk-Kamchatskiy,RU,3.0,100,20,1603745213,2.0,53.05,158.65
388,Camabatela,AO,18.67,100,100,1603745215,1.46,-8.19,15.38
389,Ola,RU,0.37,86,93,1603745215,5.91,59.58,151.28
390,Toamasina,MG,20.0,94,40,1603745215,0.5,-18.17,49.38
391,Iztapa,GT,31.0,74,90,1603745215,4.1,13.93,-90.71
392,Rosarito,MX,22.0,15,20,1603745216,6.7,32.33,-117.03
393,Severo-Yeniseyskiy,RU,-10.64,97,74,1603745216,1.5,60.37,93.04
394,Grindavik,IS,5.0,80,75,1603744974,8.2,63.84,-22.43
395,Vila Velha,BR,25.0,73,40,1603745077,7.7,-20.33,-40.29
396,Kiunga,PG,23.42,97,100,1603745217,0.05,-6.12,141.29
397,Kazanskoye,RU,7.18,89,98,1603745217,5.06,55.64,69.23
398,General Roca,AR,24.0,25,0,1603745217,1.0,-39.03,-67.58
399,Plettenberg Bay,ZA,17.54,84,18,1603745013,4.33,-34.05,23.37
400,Santa Rosa,PH,27.0,78,75,1603745217,4.1,14.31,121.11
401,Mongu,ZM,26.18,21,1,1603745218,3.72,-15.25,23.13
402,Impfondo,CG,22.76,89,35,1603745218,0.91,1.64,18.07
403,Koslan,RU,-6.0,97,100,1603745218,2.21,63.46,48.9
404,Touros,BR,28.0,69,20,1603744978,6.2,-5.2,-35.46
405,Pandan,PH,25.94,83,100,1603745219,2.31,14.05,124.17
406,Aravete,EE,10.0,100,90,1603745219,3.1,59.14,25.75
407,Hobyo,SO,26.22,80,27,1603745219,2.92,5.35,48.53
408,Gamba,GA,24.65,87,100,1603745219,3.36,-2.65,10.0
409,Dalvik,IS,3.0,69,90,1603745219,2.6,65.97,-18.53
410,Mandalgovi,MN,-3.93,69,0,1603745013,3.89,45.76,106.27
411,Savannah Bight,HN,28.28,76,100,1603745220,5.27,16.45,-85.85
412,Pa Daet,TH,23.0,100,20,1603745220,0.5,19.5,99.99
413,Ubari,LY,23.02,25,84,1603745220,5.42,26.59,12.78
414,Codrington,AU,9.92,80,71,1603745220,5.55,-38.27,141.97
415,Avera,US,21.0,94,90,1603745221,3.1,33.19,-82.53
416,Kahului,US,31.0,52,20,1603745064,2.6,20.89,-156.47
417,Trairi,BR,26.19,79,0,1603745221,4.49,-3.28,-39.27
418,Esqueda,MX,19.06,42,1,1603745221,10.7,30.72,-109.58
419,Khani,GE,17.0,63,0,1603745221,7.7,41.96,42.96
420,Hofn,IS,2.81,77,6,1603745016,5.18,64.25,-15.21
421,Beyneu,KZ,4.81,67,0,1603745222,3.78,45.32,55.2
422,Nago,JP,21.0,82,1,1603745222,3.6,26.59,127.98
423,Ulaanbaatar,MN,-13.0,71,0,1603745038,1.0,47.91,106.88
424,Chon Daen,TH,22.21,90,100,1603745222,0.83,16.19,100.86
425,College,US,-1.0,92,90,1603745025,4.1,64.86,-147.8
426,Keti Bandar,PK,25.87,57,0,1603745222,3.9,24.14,67.45
427,Aktobe,KZ,1.0,74,75,1603745223,10.0,50.28,57.21
428,Swan River,CA,-5.21,87,100,1603745223,6.86,52.11,-101.27
429,Corn Island,NI,28.62,71,100,1603745223,2.92,12.17,-83.04
430,Mafeteng,LS,15.98,72,95,1603745224,4.59,-29.82,27.24
431,Sobolevo,RU,7.08,91,63,1603745224,4.74,54.43,31.9
432,Mayor Pablo Lagerenza,PY,28.24,53,65,1603745224,5.35,-19.93,-60.77
433,Porgera,PG,3.62,100,74,1603745224,0.98,-5.47,143.2
434,Katima Mulilo,NA,29.0,21,0,1603745224,3.6,-17.5,24.27
435,Krasnosel'kup,RU,-18.09,90,0,1603745224,4.43,65.7,82.47
436,Saquena,PE,32.36,56,100,1603745225,1.42,-4.67,-73.52
437,Klaksvík,FO,4.0,86,18,1603745225,2.1,62.23,-6.59
438,Datong,CN,2.1,62,39,1603745225,2.36,40.09,113.29
439,Ust-Tsilma,RU,-7.31,96,100,1603745225,1.69,65.44,52.15
440,Sangar,RU,-9.16,97,100,1603745225,2.1,63.92,127.47
441,Ürümqi,CN,3.0,64,0,1603745226,1.0,43.8,87.6
442,Cockburn Town,TC,30.0,66,75,1603745054,5.1,21.46,-71.14
443,Dormidontovka,RU,1.69,91,29,1603745226,1.96,47.77,134.91
444,Bathsheba,BB,29.0,66,75,1603745226,5.1,13.22,-59.52
445,Ryōtsu-minato,JP,13.7,63,33,1603745226,2.33,38.08,138.43
446,Tokonou,GN,22.72,65,100,1603745227,0.55,9.65,-9.78
447,City of San Pedro,PH,27.0,78,75,1603745227,4.1,14.35,121.02
448,Chitral,PK,12.43,33,0,1603745227,1.82,35.85,71.79
449,Nador,MA,18.0,55,0,1603745227,5.7,35.17,-2.93
450,Mnogovershinnyy,RU,-2.99,97,6,1603745228,0.94,53.94,139.92
451,Baykit,RU,-8.38,94,85,1603745035,1.4,61.67,96.37
452,Pathein,MM,24.28,90,7,1603745228,2.02,16.78,94.73
453,Luleå,SE,4.0,100,75,1603745228,2.1,65.58,22.15
454,Kananga,CD,21.19,97,100,1603745228,1.27,-5.9,22.42
455,Adrar,MR,31.67,12,0,1603745229,2.95,20.5,-10.07
456,Samarai,PG,27.45,83,93,1603745229,4.47,-10.62,150.67
457,Mumford,GH,25.71,88,95,1603745229,3.02,5.26,-0.76
458,Dunedin,NZ,11.67,77,71,1603745229,1.94,-45.87,170.5
459,Coari,BR,32.43,56,71,1603745229,0.32,-4.08,-63.14
460,Pitimbu,BR,27.0,78,20,1603745229,4.1,-7.47,-34.81
461,St. George's,GD,30.0,74,20,1603745230,6.7,12.06,-61.75
462,Lemoore,US,18.0,27,20,1603745230,0.41,36.3,-119.78
463,Kodinsk,RU,-3.99,95,91,1603745230,1.86,58.69,99.18
464,Charters Towers,AU,25.6,56,97,1603745230,1.88,-20.1,146.27
465,Necochea,AR,16.04,60,0,1603745013,2.67,-38.55,-58.74
466,Ancud,CL,11.11,87,90,1603745231,5.7,-41.87,-73.82
467,Saint-Augustin,CA,1.52,71,95,1603745231,4.33,51.23,-58.65
468,Hudson Bay,CA,-2.94,83,29,1603745231,4.35,52.85,-102.38
469,Velyka Oleksandrivka,UA,14.39,72,100,1603745231,5.29,47.32,33.3
470,Muhafazat Lahij,YE,23.04,45,0,1603745232,1.3,13.17,44.58
471,Izhma,RU,-8.1,96,62,1603745232,1.39,65.01,53.91
472,Saint-Pierre,RE,22.0,78,90,1603745232,2.1,-21.34,55.48
473,Margate,GB,10.56,66,67,1603745232,1.34,51.38,1.39
474,Aklavik,CA,-11.0,85,75,1603745232,3.1,68.22,-135.01
475,Govindgarh,IN,21.94,23,0,1603745233,1.11,27.5,76.98
476,Xining,CN,0.78,91,100,1603744981,0.87,36.62,101.77
477,Erenhot,CN,-0.8,77,0,1603745233,3.31,43.65,111.98
478,Upernavik,GL,-7.93,81,99,1603744976,2.28,72.79,-56.15
479,Acarí,PE,22.95,50,59,1603745233,4.29,-15.43,-74.62
480,Galveston,US,27.0,69,90,1603745233,6.2,29.37,-94.97
481,Oktyabr'skiy,RU,-1.13,91,92,1603745234,6.57,54.48,53.47
482,Miguel Hidalgo,MX,25.0,12,5,1603745234,3.6,19.42,-99.2
483,Cururupu,BR,27.05,75,96,1603745234,2.06,-1.83,-44.87
484,Muş Province,TR,6.12,53,0,1603745234,0.92,39.0,41.75
485,Esmeralda,CU,29.0,74,75,1603745234,3.6,21.85,-78.12
486,Mossamedes,AO,20.77,78,79,1603745235,0.5,-15.2,12.15
487,Great Falls,US,-3.0,58,90,1603745235,8.7,47.5,-111.3
488,Itoman,JP,22.0,68,20,1603745235,3.1,26.12,127.67
489,Hvide Sande,DK,8.89,79,42,1603745235,0.89,56.0,8.13
490,Osorno,CL,11.0,81,90,1603745092,6.7,-40.57,-73.15
491,Kruisfontein,ZA,17.78,91,100,1603745009,3.13,-34.0,24.73
492,Riyadh,SA,19.0,37,0,1603744981,2.56,24.69,46.72
493,Lugoba,TZ,22.45,87,1,1603745236,0.51,-6.45,38.33
494,Kidal,ML,27.33,15,0,1603745007,4.07,18.44,1.41
495,Talnakh,RU,-17.0,91,40,1603745237,1.0,69.49,88.4
496,Udachny,RU,-22.0,91,0,1603745237,1.0,66.42,112.4
497,Ouango,CF,21.19,95,100,1603745237,1.33,4.31,22.56
498,Buin,CL,27.0,26,0,1603745237,4.1,-33.73,-70.75
499,Champerico,GT,29.0,79,75,1603745238,3.1,14.3,-91.92
500,Tezu,IN,22.69,60,44,1603745238,1.04,27.92,96.17
501,Elizabeth City,US,22.0,83,75,1603745238,3.1,36.29,-76.25
502,Kamaishi,JP,9.75,69,30,1603745238,2.31,39.27,141.88
503,Nouakchott,MR,32.0,11,0,1603745239,3.1,18.09,-15.98
504,Sitka,US,9.0,89,100,1603745239,4.0,57.05,-135.33
505,Bom Jesus,BR,30.81,49,53,1603745239,2.01,-9.07,-44.36
506,Zyryanka,RU,-15.66,91,0,1603745239,1.13,65.75,150.85
507,Perth,AU,16.67,93,40,1603745032,2.6,-31.93,115.83
508,Peniche,PT,13.33,83,100,1603745240,2.94,39.36,-9.38
509,Burley,US,4.0,23,1,1603744989,5.1,42.54,-113.79
510,Pangnirtung,CA,-7.0,73,75,1603745240,4.6,66.15,-65.71
511,Aranos,NA,23.11,40,55,1603745240,4.71,-24.13,19.12
512,Port Hedland,AU,20.0,94,48,1603745240,3.57,-20.32,118.57
513,Diego de Almagro,CL,25.6,20,0,1603745241,4.84,-26.37,-70.05
514,Māndal,IN,21.49,23,0,1603745241,1.84,25.45,74.57
515,Aripuanã,BR,32.35,47,87,1603745241,1.42,-9.17,-60.63
516,Poya,NC,24.7,66,48,1603745241,1.73,-21.35,165.15
517,Kabompo,ZM,23.05,32,24,1603745241,1.88,-13.59,24.2
518,San Andrés,CO,30.0,70,75,1603745241,1.5,12.58,-81.7
519,Melo,UY,16.48,92,100,1603745242,3.92,-32.37,-54.18
520,Livingston,GB,9.0,81,75,1603745242,4.1,55.9,-3.52
521,Yinchuan,CN,6.63,50,100,1603745242,2.74,38.47,106.27
522,Merke,KZ,11.16,40,35,1603745242,2.6,42.87,73.18
523,Phan Thiet,VN,24.7,88,100,1603745242,1.49,10.93,108.1
524,Yamoussoukro,CI,25.0,88,0,1603745243,2.1,6.82,-5.28
525,Sabang,ID,27.89,74,97,1603745243,7.76,5.89,95.32
526,Omsukchan,RU,-9.04,94,100,1603745243,3.18,62.53,155.8
527,Loikaw,MM,18.67,91,5,1603745243,0.27,19.67,97.21
528,Garni,AM,12.0,37,0,1603745244,2.1,40.12,44.73
529,Matara,LK,25.16,90,63,1603745244,3.1,5.95,80.54
530,Inuvik,CA,-12.0,78,90,1603744995,4.6,68.35,-133.72
531,Aswān,EG,26.5,28,0,1603744978,5.14,24.09,32.91
532,Henties Bay,NA,13.89,92,0,1603745244,2.48,-22.12,14.28
533,Port-Gentil,GA,26.0,88,75,1603745245,3.1,-0.72,8.78
534,Huarmey,PE,20.95,68,100,1603745245,4.59,-10.07,-78.15
535,Itarema,BR,26.23,81,0,1603745245,5.81,-2.92,-39.92
536,Hambantota,LK,25.83,84,95,1603745245,3.66,6.12,81.12
537,Caravelas,BR,24.22,83,4,1603744980,3.23,-17.71,-39.25
538,Honolulu,US,28.0,69,75,1603745246,1.49,21.31,-157.86
539,Price,US,2.0,13,1,1603745084,2.1,39.6,-110.81
540,Dhārchula,IN,10.94,40,0,1603745246,1.97,29.85,80.53
541,Rodrigues Alves,BR,33.0,63,75,1603745246,4.6,-7.74,-72.65
542,Flinders,AU,14.44,86,98,1603745246,1.79,-34.58,150.86
543,Kalevala,RU,6.78,93,100,1603745246,4.38,65.2,31.17
544,Bandrele,YT,25.0,83,0,1603745247,2.1,-12.91,45.19
545,Mildura,AU,12.0,87,90,1603745247,5.1,-34.2,142.15
546,Sokoni,TZ,26.0,78,40,1603744967,1.5,-6.43,39.55
547,Dilla,ET,16.34,77,42,1603745247,1.83,6.41,38.31
548,Katy,US,28.89,61,75,1603745248,6.2,29.79,-95.82
549,Mocuba,MZ,21.84,89,12,1603745248,1.37,-16.84,36.99
550,Staryy Nadym,RU,-13.71,94,0,1603745248,4.33,65.61,72.68
551,Tondano,ID,23.0,94,20,1603745248,1.0,1.3,124.91
552,Umm Kaddadah,SD,28.6,21,0,1603745248,6.6,13.6,26.69
553,Tabou,CI,25.56,89,84,1603745249,3.86,4.42,-7.35
554,Nabire,ID,23.62,87,4,1603745249,1.75,-3.37,135.48
555,Mulchén,CL,15.0,62,75,1603745249,2.6,-37.72,-72.23
556,Tautira,PF,29.0,66,75,1603745250,5.7,-17.73,-149.15
557,Koungheul,SN,30.0,15,0,1603745059,2.46,13.98,-14.8
558,Anadyr,RU,-9.0,92,75,1603745250,2.0,64.75,177.48
559,Santa Maria da Boa Vista,BR,33.59,32,99,1603745250,0.87,-8.81,-39.83
560,Talara,PE,19.97,80,85,1603745233,5.74,-4.58,-81.27
561,Nuuk,GL,-2.22,74,100,1603745250,3.58,64.18,-51.72
562,Turiaçu,BR,27.64,72,90,1603745251,2.81,-1.66,-45.37
563,Vao,NC,23.0,83,7,1603745251,8.85,-22.67,167.48
564,Fallon,US,6.11,21,75,1603745103,2.6,39.47,-118.78
565,Bereda,ES,8.89,100,94,1603745251,4.02,43.27,-7.54
566,Maraã,BR,32.09,59,77,1603745252,1.03,-1.83,-65.37
567,Kerteminde,DK,10.0,82,88,1603745252,1.34,55.45,10.66
568,Bentiu,SS,24.03,80,93,1603745252,2.05,9.23,29.83
569,Geilo,NO,1.67,89,100,1603745252,1.41,60.53,8.21
570,Mackay,AU,21.0,94,90,1603745088,3.1,-21.15,149.2
571,Sterling,US,16.67,82,75,1603745253,1.5,39.01,-77.43
572,Dalbandin,PK,12.64,31,0,1603745253,0.2,28.89,64.41
573,Camocim,BR,26.93,76,0,1603745253,7.69,-2.9,-40.84
